id,name
1,Pauline
2,Quinn
3,Harrison
4,Johnie
5,Brandon
6,Mckinley
7,Trina
8,Ronnie
9,Kate
10,Chadwick
11,Phil
12,Shad
13,Erika
14,Dena
15,Elvin
16,Leann
17,Graciela
18,Eddie
19,Sang
20,Shon
21,Houston
22,Erica
23,Hans
24,Geneva
25,Arden
26,Jere
27,Hershel
28,Loyd
29,Alisa
30,Chet
31,Natasha
32,Cristina
33,Errol
34,Santiago
35,Nell
36,Lauren
37,Miquel
38,Lelia
39,Penelope
40,Mauro
41,Melba
42,Esther
43,Chi
44,Sherwood
45,Brock
46,Leland
47,Daisy
48,Derek
49,Aimee
50,Elaine
51,Andrea
52,Leland
53,Domingo
54,Chasity
55,Timmy
56,Alfredo
57,Maria
58,Olive
59,Jackie
60,Ty
61,Damian
62,Leonard
63,Lacey
64,Eddy
65,Charmaine
66,Teresa
67,Eldridge
68,Adam
69,Erwin
70,Jeanine
71,Jefferson
72,Josefina
73,Alissa
74,Efren
75,Florence
76,Desmond
77,Roland
78,Henrietta
79,Katherine
80,Lauren
81,Marquis
82,Harvey
83,Tanya
84,Pablo
85,Minh
86,Jerri
87,Monroe
88,Audrey
89,Forrest
90,Cecil
91,Dolly
92,Melissa
93,Sharlene
94,Heidi
95,Lemuel
96,Cathryn
97,Esperanza
98,Virgie
99,Brenda
100,Roxie
